{"Validation_acc_genero": 0.0, "Validation_acc_edades": 40.31250178813934, "Validation_F1_edades": 0.505865062900231, "Validation_MSE_reg": 708312.59765625, "Validation_loss_total": 710108.69140625, "_timestamp": 1701421384.3203256, "_runtime": 2076.9519095420837, "_step": 13, "Train_acc_genero": 0.5303030212720234, "Train_acc_edades": 70.71969003388377, "Train_F1_edades": 0.1273389799372658, "Train_MSE_reg": 47577.65743371212, "Train_loss_total": 47735.36968809186}