{"Train_acc_genero": 0.0, "Train_loss_genero": 0.36494845151901245, "Train_acc_edades": 0.550000011920929, "Train_F1_edades": 0.029268292682926828, "Train_loss_edades": 1.706799864768982, "Train_MSE_reg": 508.18096923828125, "Train_loss_reg": 508.18096923828125, "Train_loss_total": 510.2527160644531, "_timestamp": 1701331946.779597, "_runtime": 151.95587611198425, "_step": 46, "_wandb": {"runtime": 138}}