{"Validation_acc_genero": 12.656250596046448, "Validation_acc_edades": 91.24999642372131, "Validation_F1_edades": 0.920619063777227, "Validation_MSE_reg": 65869.17724609375, "Validation_loss_total": 68108.53271484375, "_timestamp": 1701369859.823291, "_runtime": 37550.770079135895, "_step": 199, "Train_acc_genero": 2.954545346173373, "Train_acc_edades": 99.4696992816347, "Train_F1_edades": 0.19716590858070085, "Train_MSE_reg": 119.7819796475497, "Train_loss_total": 122.90059127139324, "_wandb": {"runtime": 37543}}